date,usdprice
2020-01-15,0.5826
2020-01-15,0.2511
2020-01-15,0.2657
2020-01-15,0.2985
2020-01-15,0.2897
2020-01-15,0.2428
2020-01-15,0.2723
2020-01-15,0.2308
2020-01-15,0.5607
2020-01-15,0.3055
2020-01-15,0.5793
2020-01-15,0.504
2020-01-15,0.6789
2020-01-15,0.5103
2020-01-15,0.5161
2020-01-15,0.572
2020-01-15,0.5755
2020-01-15,0.531
2020-01-15,0.4906
2020-01-15,0.2636
2020-01-15,0.3225
2020-01-15,0.2744
2020-01-15,0.2785
2020-01-15,0.2536
2020-01-15,0.2823
2020-01-15,0.3545
2020-01-15,0.2844
2020-01-15,0.2686
2020-01-15,0.2474
2020-01-15,0.2586
2020-02-15,0.5366
2020-02-15,0.5188
2020-02-15,0.5102
2020-02-15,0.2612
2020-02-15,0.2426
2020-02-15,0.3085
2020-02-15,0.245
2020-02-15,0.2729
2020-02-15,0.2737
2020-02-15,0.2875
2020-02-15,0.2911
2020-02-15,0.2814
2020-02-15,0.2272
2020-02-15,0.245
2020-02-15,0.2676
2020-02-15,0.222
2020-02-15,0.2341
2020-02-15,0.2393
2020-02-15,0.5644
2020-02-15,0.6628
2020-02-15,0.5207
2020-02-15,0.4831
2020-02-15,0.5815
2020-02-15,0.5698
2020-02-15,0.4967
2020-02-15,0.5781
2020-03-15,0.5113
2020-03-15,0.6426
2020-03-15,0.5129
2020-03-15,0.5349
2020-03-15,0.5247
2020-03-15,0.5076
2020-03-15,0.3047
2020-03-15,0.2198
2020-03-15,0.2598
2020-03-15,0.2548
2020-03-15,0.2102
2020-03-15,0.264
2020-03-15,0.2061
2020-03-15,0.2548
2020-03-15,0.2929
2020-03-15,0.224
2020-03-15,0.2335
2020-03-15,0.254
2020-03-15,0.2407
2020-03-15,0.2502
2020-03-15,0.5897
2020-03-15,0.572
2020-03-15,0.5133
2020-03-15,0.4702
2020-03-15,0.5363
2020-04-15,0.5543
2020-04-15,0.3964
2020-04-15,0.4723
2020-04-15,0.3792
2020-04-15,0.403
2020-04-15,0.6312
2020-04-15,0.5409
2020-04-15,0.5335
2020-04-15,0.3918
2020-04-15,0.7411
2020-04-15,0.3181
2020-04-15,0.3895
2020-04-15,0.4623
2020-04-15,0.301
2020-04-15,0.4539
2020-04-15,0.5813
2020-04-15,0.2639
2020-04-15,0.2385
2020-04-15,0.2466
2020-04-15,0.4695
2020-04-15,0.6143
2020-04-15,0.4418
2020-04-15,0.5768
2020-04-15,0.5601
2020-04-15,0.6669
2020-04-15,0.5366
2020-04-15,0.5854
2020-04-15,0.2518
2020-04-15,0.3211
2020-04-15,0.2459
2020-04-15,0.2639
2020-04-15,0.2139
2020-04-15,0.2294
2020-04-15,0.2569
2020-04-15,0.2642
2020-04-15,0.287
2020-04-15,0.2261
2020-04-15,0.2382
2020-04-15,0.2261
2020-05-15,0.6123
2020-05-15,0.5295
2020-05-15,0.5231
2020-05-15,0.5778
2020-05-15,0.5511
2020-05-15,0.7033
2020-05-15,0.2342
2020-05-15,0.2034
2020-05-15,0.2568
2020-05-15,0.1759
2020-05-15,0.2008
2020-05-15,0.5348
2020-05-15,0.2425
2020-05-15,0.1929
2020-05-15,0.1771
2020-05-15,0.1929
2020-05-15,0.2019
2020-05-15,0.2207
2020-05-15,0.2305
2020-05-15,0.2594
2020-05-15,0.2102
2020-05-15,0.3
2020-05-15,0.36
2020-05-15,0.1793
2020-05-15,0.2105
2020-05-15,0.5283
2020-05-15,0.6646
2020-05-15,0.5852
2020-05-15,0.5379
2020-06-15,0.5235
2020-06-15,0.5518
2020-06-15,0.5631
2020-06-15,0.5547
2020-06-15,0.547
2020-06-15,0.5389
2020-06-15,0.515
2020-06-15,0.5406
2020-06-15,0.34
2020-06-15,0.365
2020-06-15,0.2612
2020-06-15,0.4873
2020-06-15,0.2784
2020-06-15,0.2097
2020-06-15,0.3164
2020-06-15,0.2254
2020-06-15,0.1978
2020-06-15,0.3037
2020-06-15,0.2627
2020-06-15,0.3474
2020-06-15,0.2425
2020-06-15,0.2892
2020-06-15,0.2519
2020-06-15,0.2396
2020-06-15,0.3157
2020-06-15,0.2817
2020-06-15,0.7388
2020-06-15,0.6336
2020-06-15,0.602
2020-07-15,0.2164
2020-07-15,0.2573
2020-07-15,0.2238
2020-07-15,0.3474
2020-07-15,0.2908
2020-07-15,0.322
2020-07-15,0.2679
2020-07-15,0.3036
2020-07-15,0.2462
2020-07-15,0.2506
2020-07-15,0.251
2020-07-15,0.2359
2020-07-15,0.7414
2020-07-15,0.2782
2020-07-15,0.276
2020-07-15,0.2657
2020-07-15,0.3106
2020-07-15,0.2481
2020-07-15,0.4021
2020-07-15,0.3508
2020-07-15,0.3491
2020-07-15,0.3555
2020-07-15,0.3276
2020-07-15,0.3138
2020-07-15,0.4103
2020-07-15,0.2976
2020-07-15,0.3483
2020-07-15,0.3187
2020-07-15,0.5487
2020-07-15,0.6913
2020-07-15,0.4768
2020-07-15,0.355
2020-07-15,0.245
2020-07-15,0.5053
2020-07-15,0.3892
2020-07-15,0.5659
2020-07-15,0.533
2020-07-15,0.7041
2020-07-15,0.5872
2020-07-15,0.3531
2020-07-15,0.6377
2020-07-15,0.658
2020-07-15,0.663
2020-07-15,0.6635
2020-07-15,0.2271
2020-08-15,0.7358
2020-08-15,0.7065
2020-08-15,0.7237
2020-08-15,0.7667
2020-08-15,0.3566
2020-08-15,0.145
2020-08-15,0.22
2020-08-15,0.3217
2020-08-15,0.178
2020-08-15,0.215
2020-08-15,0.2015
2020-08-15,0.1845
2020-08-15,0.2403
2020-08-15,0.6064
2020-08-15,0.3274
2020-08-15,0.2041
2020-08-15,0.2295
2020-08-15,0.2269
2020-08-15,0.2679
2020-08-15,0.2349
2020-08-15,0.3336
2020-08-15,0.5218
2020-08-15,0.3653
2020-08-15,0.3453
2020-08-15,0.3482
2020-08-15,0.3862
2020-08-15,0.3523
2020-08-15,0.3873
2020-08-15,0.2313
2020-08-15,0.6552
2020-08-15,0.6446
2020-08-15,0.5261
2020-08-15,0.7189
2020-08-15,0.6783
2020-08-15,0.6552
2020-08-15,0.2425
2020-09-15,0.1968
2020-09-15,0.3466
2020-09-15,0.3321
2020-09-15,0.323
2020-09-15,0.215
2020-09-15,0.24
2020-09-15,0.2039
2020-09-15,0.1986
2020-09-15,0.3275
2020-09-15,0.3524
2020-09-15,0.3739
2020-09-15,0.3959
2020-09-15,0.3222
2020-09-15,0.3623
2020-09-15,0.5236
2020-09-15,0.8111
2020-09-15,0.6692
2020-09-15,0.7087
2020-09-15,0.7425
2020-09-15,0.7004
2020-09-15,0.7492
2020-09-15,0.9529
2020-09-15,0.5131
2020-09-15,0.602
2020-09-15,0.6942
2020-09-15,0.1933
2020-09-15,0.2171
2020-09-15,0.2175
2020-09-15,0.3255
2020-09-15,0.1846
2020-09-15,0.2121
2020-09-15,0.1825
2020-09-15,0.1746
2020-09-15,0.1789
2020-09-15,0.1971
2020-09-15,0.22
2020-09-15,0.1857
2020-09-15,0.16
2020-09-15,0.1989
2020-09-15,0.2286
2020-10-15,0.8534
2020-10-15,0.3923
2020-10-15,0.5396
2020-10-15,0.6374
2020-10-15,0.5656
2020-10-15,0.4643
2020-10-15,0.515
2020-10-15,0.4948
2020-10-15,0.2047
2020-10-15,0.1874
2020-10-15,0.1997
2020-10-15,0.2315
2020-10-15,0.5853
2020-10-15,0.1912
2020-10-15,0.1976
2020-10-15,0.1627
2020-10-15,0.187
2020-10-15,0.1803
2020-10-15,0.2516
2020-10-15,0.1902
2020-10-15,0.2057
2020-10-15,0.1884
2020-10-15,0.1743
2020-10-15,0.1524
2020-10-15,0.1493
2020-10-15,0.6368
2020-10-15,0.592
2020-10-15,0.1655
2020-10-15,0.3461
2020-10-15,0.3703
2020-10-15,0.3216
2020-10-15,0.2
2020-10-15,0.3228
2020-10-15,0.3821
2020-10-15,0.5293
2020-10-15,0.3587
2020-10-15,0.3619
2020-10-15,0.3699
2020-10-15,0.3903
2020-10-15,0.3267
2020-10-15,0.5488
2020-11-15,0.1835
2020-11-15,0.1852
2020-11-15,0.2158
2020-11-15,0.1617
2020-11-15,0.1645
2020-11-15,0.1877
2020-11-15,0.1782
2020-11-15,0.1666
2020-11-15,0.3192
2020-11-15,0.4637
2020-11-15,0.3469
2020-11-15,0.3087
2020-11-15,0.2294
2020-11-15,0.1536
2020-11-15,0.3791
2020-11-15,0.3928
2020-11-15,0.3202
2020-11-15,0.328
2020-11-15,0.3354
2020-11-15,0.5266
2020-11-15,0.3554
2020-11-15,0.3622
2020-11-15,0.3908
2020-11-15,0.3678
2020-11-15,0.3702
2020-11-15,0.3434
2020-11-15,0.19
2020-11-15,0.4039
2020-11-15,0.201
2020-11-15,0.1838
2020-11-15,0.2116
2020-11-15,0.2379
2020-11-15,0.1539
2020-11-15,0.2126
2020-11-15,0.2042
2020-11-15,0.175
2020-11-15,0.2074
2020-11-15,0.1887
2020-11-15,0.1473
2020-11-15,0.1683
2020-11-15,0.175
2020-12-15,0.1699
2020-12-15,0.1522
2020-12-15,0.1656
2020-12-15,0.189
2020-12-15,0.3777
2020-12-15,0.3004
2020-12-15,0.3002
2020-12-15,0.336
2020-12-15,0.254
2020-12-15,0.2907
2020-12-15,0.2973
2020-12-15,0.3063
2020-12-15,0.2215
2020-12-15,0.3705
2020-12-15,0.2235
2020-12-15,0.3093
2020-12-15,0.3505
2020-12-15,0.3781
2020-12-15,0.3432
2020-12-15,0.3448
2020-12-15,0.3759
2020-12-15,0.5238
2020-12-15,0.4241
2020-12-15,0.3242
2020-12-15,0.3449
2020-12-15,0.3251
2020-12-15,0.4277
2020-12-15,0.3244
2020-12-15,0.2038
2020-12-15,0.1999
2020-12-15,0.2168
2020-12-15,0.2251
2020-12-15,0.1952
2020-12-15,0.162
2020-12-15,0.2107
2020-12-15,0.1724
2020-12-15,0.1753
2020-12-15,0.2493
2020-12-15,0.1724
2020-12-15,0.1797
2020-12-15,0.2215
2021-01-15,0.1886
2021-01-15,0.2174
2021-01-15,0.2302
2021-01-15,0.1918
2021-01-15,0.2075
2021-01-15,0.2157
2021-01-15,0.221
2021-01-15,0.2139
2021-01-15,0.2185
2021-01-15,0.2007
2021-01-15,0.1925
2021-01-15,0.2391
2021-01-15,0.2214
2021-01-15,0.3774
2021-01-15,0.5129
2021-01-15,0.3588
2021-01-15,0.3831
2021-01-15,0.3875
2021-01-15,0.3743
2021-01-15,0.348
2021-01-15,0.4243
2021-01-15,0.4999
2021-01-15,0.3511
2021-01-15,0.3649
2021-01-15,0.135
2021-01-15,0.22
2021-01-15,0.354
2021-01-15,0.1836
2021-01-15,0.3281
2021-01-15,0.3923
2021-01-15,0.327
2021-01-15,0.3651
2021-01-15,0.3763
2021-01-15,0.3709
2021-01-15,0.3461
2021-02-15,0.3692
2021-02-15,0.3953
2021-02-15,0.4036
2021-02-15,0.3434
2021-02-15,0.3785
2021-02-15,0.6329
2021-02-15,0.5292
2021-02-15,0.3654
2021-02-15,0.3648
2021-02-15,0.3862
2021-02-15,0.4276
2021-02-15,0.2804
2021-02-15,0.2937
2021-02-15,0.2555
2021-02-15,0.2404
2021-02-15,0.3344
2021-02-15,0.2494
2021-02-15,0.175
2021-02-15,0.2252
2021-02-15,0.276
2021-02-15,0.2753
2021-02-15,0.2494
2021-02-15,0.2566
2021-02-15,0.2735
2021-02-15,0.2515
2021-02-15,0.298
2021-02-15,0.2221
2021-02-15,0.6817
2021-02-15,0.6897
2021-02-15,0.6449
2021-02-15,0.2461
2021-02-15,0.4985
2021-02-15,0.6007
2021-02-15,0.799
2021-02-15,0.8184
2021-03-15,0.4839
2021-03-15,0.4981
2021-03-15,0.4147
2021-03-15,0.4513
2021-03-15,0.4872
2021-03-15,0.5691
2021-03-15,0.4314
2021-03-15,0.5158
2021-03-15,0.2925
2021-03-15,0.2505
2021-03-15,0.2968
2021-03-15,0.2624
2021-03-15,0.2708
2021-03-15,0.5178
2021-03-15,0.2979
2021-03-15,0.2903
2021-03-15,0.2863
2021-03-15,0.3034
2021-03-15,0.2896
2021-03-15,0.3121
2021-03-15,0.2983
2021-03-15,0.16
2021-03-15,0.3567
2021-03-15,0.2852
2021-03-15,0.21
2021-03-15,0.2842
2021-03-15,0.3103
2021-03-15,0.2921
2021-03-15,0.2595
2021-03-15,0.3975
2021-03-15,0.3952
2021-03-15,0.3354
2021-03-15,0.3244
2021-03-15,0.3448
2021-03-15,0.3743
2021-03-15,0.3286
2021-03-15,0.3143
2021-03-15,0.4295
2021-03-15,0.4744
2021-03-15,0.4326
2021-03-15,0.5322
2021-04-15,0.298
2021-04-15,0.303
2021-04-15,0.2912
2021-04-15,0.4779
2021-04-15,0.3887
2021-04-15,0.2848
2021-04-15,0.2565
2021-04-15,0.2837
2021-04-15,0.3088
2021-04-15,0.2801
2021-04-15,0.2776
2021-04-15,0.2447
2021-04-15,0.3013
2021-04-15,0.2519
2021-04-15,0.2916
2021-04-15,0.54
2021-04-15,0.5179
2021-04-15,0.4004
2021-04-15,0.6043
2021-04-15,0.473
2021-04-15,0.4645
2021-04-15,0.5019
2021-04-15,0.4811
2021-04-15,0.5697
2021-04-15,0.5146
2021-04-15,0.4607
2021-04-15,0.5109
2021-04-15,0.4871
2021-04-15,0.2801
2021-04-15,0.2952
2021-04-15,0.2898
2021-04-15,0.3
2021-04-15,0.17
2021-04-15,0.3341
2021-04-15,0.4131
2021-04-15,0.4594
2021-04-15,0.4041
2021-04-15,0.5144
2021-04-15,0.4083
2021-04-15,0.4412
2021-04-15,0.4089
2021-04-15,0.2995
2021-04-15,0.2937
2021-04-15,0.4387
2021-05-15,0.5078
2021-05-15,0.3978
2021-05-15,0.3887
2021-05-15,0.3724
2021-05-15,0.4119
2021-05-15,0.3047
2021-05-15,0.3522
2021-05-15,0.5533
2021-05-15,0.5944
2021-05-15,0.5654
2021-05-15,0.5212
2021-05-15,0.366
2021-05-15,0.6707
2021-05-15,0.3384
2021-05-15,0.5608
2021-05-15,0.4083
2021-05-15,0.405
2021-05-15,0.4379
2021-05-15,0.4021
2021-05-15,0.4554
2021-05-15,0.424
2021-05-15,0.4054
2021-05-15,0.6054
2021-05-15,0.5533
2021-05-15,0.5612
2021-05-15,0.5845
2021-05-15,0.5154
2021-05-15,0.456
2021-05-15,0.5829
2021-05-15,0.3022
2021-05-15,0.3569
2021-05-15,0.333
2021-05-15,0.17
2021-05-15,0.27
2021-05-15,0.3301
2021-05-15,0.4017
2021-05-15,0.3536
2021-05-15,0.3735
2021-06-15,0.3235
2021-06-15,0.2902
2021-06-15,0.2788
2021-06-15,0.3234
2021-06-15,0.7832
2021-06-15,0.6397
2021-06-15,0.5416
2021-06-15,0.7606
2021-06-15,0.5686
2021-06-15,0.8032
2021-06-15,0.5265
2021-06-15,0.6815
2021-06-15,0.9315
2021-06-15,0.9515
2021-06-15,1.0335
2021-06-15,0.9874
2021-06-15,0.5953
2021-06-15,0.6315
2021-06-15,1.0158
2021-06-15,0.9198
2021-06-15,0.9645
2021-06-15,0.9804
2021-06-15,0.9557
2021-06-15,1.0117
2021-06-15,1.0406
2021-06-15,0.22
2021-06-15,0.15
2021-06-15,0.2612
2021-06-15,0.1868
2021-06-15,0.2647
2021-06-15,0.1261
2021-06-15,0.4691
2021-06-15,0.7355
2021-06-15,0.7022
2021-06-15,0.5043
2021-06-15,0.6578
2021-06-15,0.7244
2021-06-15,0.7447
2021-06-15,0.5631
2021-06-15,0.5657
2021-07-15,0.5512
2021-07-15,0.5809
2021-07-15,0.5728
2021-07-15,0.502
2021-07-15,0.5464
2021-07-15,0.5339
2021-07-15,0.2
2021-07-15,0.3545
2021-07-15,0.3454
2021-07-15,0.363
2021-07-15,0.4282
2021-07-15,0.3258
2021-07-15,0.1578
2021-07-15,0.564
2021-07-15,0.2772
2021-07-15,0.8802
2021-07-15,0.828
2021-07-15,0.7386
2021-07-15,0.9182
2021-07-15,0.3486
2021-07-15,0.7611
2021-07-15,0.8143
2021-07-15,0.9409
2021-07-15,0.8804
2021-07-15,0.7778
2021-07-15,0.8687
2021-07-15,0.8325
2021-07-15,0.4477
2021-07-15,0.582
2021-07-15,0.5615
2021-07-15,0.5233
2021-07-15,0.5306
2021-07-15,0.6378
2021-07-15,0.5141
2021-07-15,0.5292
2021-07-15,0.5171
2021-07-15,0.5064
2021-07-15,0.6444
2021-08-15,0.3963
2021-08-15,0.1433
2021-08-15,0.3993
2021-08-15,0.21
2021-08-15,0.3342
2021-08-15,0.2992
2021-08-15,0.339
2021-08-15,0.3338
2021-08-15,0.3535
2021-08-15,0.3855
2021-08-15,0.2705
2021-08-15,0.3044
2021-08-15,0.3137
2021-08-15,0.3085
2021-08-15,0.3405
2021-08-15,0.6342
2021-08-15,0.6902
2021-08-15,0.7844
2021-08-15,0.8154
2021-08-15,0.7621
2021-08-15,0.3459
2021-08-15,0.4572
2021-08-15,0.7697
2021-08-15,0.6978
2021-08-15,0.7092
2021-08-15,0.845
2021-08-15,0.7729
2021-08-15,0.6353
2021-08-15,0.3003
2021-08-15,0.2888
2021-08-15,0.336
2021-08-15,0.2796
2021-08-15,0.3555
2021-08-15,0.3746
2021-08-15,0.4132
2021-08-15,0.432
2021-08-15,0.2731
2021-08-15,0.1332
2021-08-15,0.344
2021-08-15,0.5077
2021-08-15,0.2981
2021-08-15,0.2969
2021-09-15,0.6111
2021-09-15,0.6261
2021-09-15,0.6786
2021-09-15,0.6337
2021-09-15,0.2771
2021-09-15,0.3072
2021-09-15,0.2955
2021-09-15,0.3094
2021-09-15,0.3519
2021-09-15,0.4333
2021-09-15,0.3977
2021-09-15,0.4554
2021-09-15,0.3852
2021-09-15,0.5671
2021-09-15,0.4793
2021-09-15,0.135
2021-09-15,0.3733
2021-09-15,0.3765
2021-09-15,0.2757
2021-09-15,0.267
2021-09-15,0.288
2021-09-15,0.3474
2021-09-15,0.2343
2021-09-15,0.3744
2021-09-15,0.2689
2021-09-15,0.1667
2021-09-15,0.3222
2021-09-15,0.4192
2021-09-15,0.7496
2021-09-15,0.6401
2021-09-15,0.7794
2021-09-15,0.6043
2021-09-15,0.7113
2021-09-15,0.7265
2021-10-15,0.3413
2021-10-15,0.3527
2021-10-15,0.3273
2021-10-15,0.3561
2021-10-15,0.3455
2021-10-15,0.5278
2021-10-15,0.24
2021-10-15,0.4189
2021-10-15,0.3931
2021-10-15,0.3695
2021-10-15,0.3184
2021-10-15,0.519
2021-10-15,0.4625
2021-10-15,0.3451
2021-10-15,0.417
2021-10-15,0.4613
2021-10-15,0.5246
2021-10-15,0.5976
2021-10-15,0.6043
2021-10-15,0.6005
2021-10-15,0.6467
2021-10-15,0.7292
2021-10-15,0.5481
2021-10-15,0.7452
2021-10-15,0.7273
2021-10-15,0.6335
2021-10-15,0.6553
2021-10-15,0.3069
2021-10-15,0.3125
2021-10-15,0.4327
2021-10-15,0.2928
2021-10-15,0.328
2021-10-15,0.3163
2021-10-15,0.3072
2021-10-15,0.3428
2021-10-15,0.3777
2021-10-15,0.2947
2021-10-15,0.3113
2021-10-15,0.3705
2021-10-15,0.3197
2021-10-15,0.3371
2021-10-15,0.4183
2021-11-15,0.3931
2021-11-15,0.4223
2021-11-15,0.3927
2021-11-15,0.3916
2021-11-15,0.22
2021-11-15,0.16
2021-11-15,0.3931
2021-11-15,0.3665
2021-11-15,0.4083
2021-11-15,0.3866
2021-11-15,0.4071
2021-11-15,0.4994
2021-11-15,0.3764
2021-11-15,0.406
2021-11-15,0.3483
2021-11-15,0.3741
2021-11-15,0.2274
2021-11-15,0.2174
2021-11-15,0.297
2021-11-15,0.3864
2021-11-15,0.4979
2021-11-15,0.3629
2021-11-15,0.2754
2021-11-15,0.3763
2021-11-15,0.2671
2021-11-15,0.3256
2021-11-15,0.6587
2021-11-15,0.3175
2021-11-15,0.376
2021-11-15,0.7533
2021-11-15,0.5806
2021-11-15,0.6934
2021-11-15,0.6893
2021-11-15,0.6258
2021-11-15,0.6999
2021-11-15,0.6212
2021-11-15,0.5596
2021-11-15,0.633
2021-11-15,0.6661
2021-11-15,0.3021
2021-12-15,0.2986
2021-12-15,0.4357
2021-12-15,0.5039
2021-12-15,0.4262
2021-12-15,0.4906
2021-12-15,0.6624
2021-12-15,0.6622
2021-12-15,0.6862
2021-12-15,0.6141
2021-12-15,0.6296
2021-12-15,0.7555
2021-12-15,0.5821
2021-12-15,0.6412
2021-12-15,0.4685
2021-12-15,0.5856
2021-12-15,0.234
2021-12-15,0.344
2021-12-15,0.3645
2021-12-15,0.2918
2021-12-15,0.2158
2021-12-15,0.4961
2021-12-15,0.4924
2021-12-15,0.4873
2021-12-15,0.5116
2021-12-15,0.5455
2021-12-15,0.4471
2021-12-15,0.4888
2021-12-15,0.7414
2021-12-15,0.6542
2021-12-15,0.4626
2021-12-15,0.523
2022-01-15,0.5345
2022-01-15,0.5542
2022-01-15,0.5567
2022-01-15,0.7177
2022-01-15,0.7168
2022-01-15,0.8155
2022-01-15,0.6894
2022-01-15,0.6311
2022-01-15,0.6726
2022-01-15,0.7087
2022-01-15,0.7052
2022-01-15,0.7239
2022-01-15,0.5567
2022-01-15,0.6344
2022-01-15,0.6106
2022-01-15,0.3216
2022-01-15,0.3197
2022-01-15,0.2172
2022-01-15,0.2662
2022-01-15,0.2828
2022-01-15,0.1566
2022-01-15,0.218
2022-01-15,0.2824
2022-01-15,0.1892
2022-01-15,0.2716
2022-01-15,0.2501
2022-01-15,0.3308
2022-01-15,0.7806
2022-01-15,0.5467
2022-01-15,0.552
2022-01-15,0.5774
2022-01-15,0.1767
2022-01-15,0.2333
2022-01-15,0.5688
2022-01-15,0.5417
2022-01-15,0.5691
2022-01-15,0.5384
2022-01-15,0.5584
2022-01-15,0.5352
2022-01-15,0.5413
2022-01-15,0.5277
2022-02-15,0.6183
2022-02-15,0.796
2022-02-15,0.7594
2022-02-15,0.7483
2022-02-15,0.6873
2022-02-15,0.7734
2022-02-15,0.893
2022-02-15,0.7682
2022-02-15,0.7307
2022-02-15,0.8126
2022-02-15,0.7799
2022-02-15,0.6939
2022-02-15,0.6272
2022-02-15,0.5828
2022-02-15,0.9564
2022-02-15,0.5999
2022-02-15,0.6662
2022-02-15,0.6321
2022-02-15,0.5988
2022-02-15,0.5921
2022-02-15,0.5772
2022-02-15,0.6094
2022-02-15,0.6027
2022-02-15,0.6027
2022-02-15,0.5956
2022-02-15,0.6371
2022-02-15,0.5832
2022-02-15,0.5913
2022-02-15,0.6364
2022-02-15,0.647
2022-03-15,0.8149
2022-03-15,0.7482
2022-03-15,0.7873
2022-03-15,0.8983
2022-03-15,0.7522
2022-03-15,0.9011
2022-03-15,0.7322
2022-03-15,0.7628
2022-03-15,0.29
2022-03-15,0.6447
2022-03-15,0.6904
2022-03-15,0.6484
2022-03-15,0.6826
2022-03-15,0.8562
2022-03-15,0.7442
2022-03-15,0.7723
2022-03-15,0.6795
2022-03-15,0.6389
2022-03-15,0.7252
2022-03-15,0.7032
2022-03-15,0.7046
2022-03-15,0.7526
2022-03-15,0.7387
2022-03-15,0.7503
2022-03-15,0.755
2022-03-15,1.0552
2022-03-15,0.8082
2022-03-15,0.8425
2022-03-15,0.3033
2022-03-15,0.2197
2022-03-15,0.2923
2022-03-15,0.2568
2022-03-15,0.199
2022-03-15,0.3074
2022-03-15,0.295
2022-03-15,0.1539
2022-03-15,0.8255
2022-04-15,0.7094
2022-04-15,0.9203
2022-04-15,0.7412
2022-04-15,0.7515
2022-04-15,0.7272
2022-04-15,0.9271
2022-04-15,0.9415
2022-04-15,0.8935
2022-04-15,0.828
2022-04-15,0.27
2022-04-15,0.3263
2022-04-15,0.3576
2022-04-15,0.3089
2022-04-15,0.3059
2022-04-15,0.3439
2022-04-15,0.3193
2022-04-15,0.2847
2022-04-15,0.3575
2022-04-15,0.8642
2022-04-15,1.0208
2022-04-15,0.9979
2022-04-15,0.8931
2022-04-15,0.7964
2022-04-15,0.8969
2022-04-15,0.8231
2022-04-15,0.3161
2022-04-15,0.3507
2022-04-15,0.3439
2022-04-15,0.7118
2022-04-15,0.692
2022-04-15,0.7036
2022-04-15,0.759
2022-04-15,0.7265
2022-04-15,0.6725
2022-04-15,0.6776
2022-04-15,0.7323
2022-04-15,0.7494
2022-04-15,0.6903
2022-04-15,0.6997
2022-05-15,0.7428
2022-05-15,0.7865
2022-05-15,0.684
2022-05-15,0.8337
2022-05-15,0.7633
2022-05-15,0.8859
2022-05-15,1.0943
2022-05-15,0.9299
2022-05-15,1.0943
2022-05-15,0.9647
2022-05-15,0.9521
2022-05-15,0.8302
2022-05-15,1.0197
2022-05-15,0.9385
2022-05-15,0.8979
2022-05-15,0.8999
2022-05-15,0.746
2022-05-15,0.3063
2022-05-15,0.3132
2022-05-15,0.2538
2022-05-15,0.3659
2022-05-15,0.1394
2022-05-15,0.316
2022-05-15,0.3121
2022-05-15,0.2903
2022-05-15,0.2539
2022-05-15,0.2592
2022-05-15,0.326
2022-05-15,0.2729
2022-05-15,0.8327
2022-05-15,0.8135
2022-05-15,0.7643
2022-05-15,0.7811
2022-05-15,0.8238
2022-05-15,0.8159
2022-05-15,0.2367
2022-05-15,0.8252
2022-05-15,0.7209
2022-05-15,0.7674
2022-05-15,0.8231
2022-05-15,0.6966
2022-06-15,1.0728
2022-06-15,0.9918
2022-06-15,1.0499
2022-06-15,1.0031
2022-06-15,0.9795
2022-06-15,0.9494
2022-06-15,1.1258
2022-06-15,1.1716
2022-06-15,1.0444
2022-06-15,1.1867
2022-06-15,1.4444
2022-06-15,1.0728
2022-06-15,1.0807
2022-06-15,0.9815
2022-06-15,0.9844
2022-06-15,0.9504
2022-06-15,0.9411
2022-06-15,1.0101
2022-06-15,1.0184
2022-06-15,1.0742
2022-06-15,0.5391
2022-06-15,1.133
2022-06-15,0.9287
2022-06-15,0.9773
2022-06-15,0.9905
2022-06-15,1.1594
2022-06-15,1.0115
2022-06-15,0.9603
2022-06-15,0.9024
2022-06-15,0.5604
2022-06-15,0.24
2022-06-15,0.5919
2022-06-15,0.2876
2022-06-15,0.2164
2022-06-15,0.5576
2022-06-15,0.5297
2022-06-15,0.6668
2022-06-15,0.525
2022-06-15,0.5594
2022-06-15,0.5472
2022-07-15,1.1039
2022-07-15,1.2803
2022-07-15,0.6945
2022-07-15,1.1952
2022-07-15,0.6638
2022-07-15,0.7737
2022-07-15,0.6579
2022-07-15,0.5602
2022-07-15,0.6699
2022-07-15,0.5356
2022-07-15,0.5327
2022-07-15,0.716
2022-07-15,0.6946
2022-07-15,1.2256
2022-07-15,0.7271
2022-07-15,0.5929
2022-07-15,0.79
2022-07-15,0.4464
2022-07-15,0.7113
2022-07-15,0.2667
2022-07-15,0.5211
2022-07-15,0.5131
2022-07-15,0.5594
2022-07-15,0.5162
2022-07-15,0.4185
2022-07-15,0.4895
2022-07-15,0.5334
2022-07-15,0.6497
2022-07-15,1.1169
2022-07-15,1.2564
2022-07-15,1.0968
2022-07-15,1.0414
2022-07-15,1.105
2022-07-15,1.0687
2022-07-15,1.1268
2022-07-15,1.1508
2022-07-15,1.2082
2022-07-15,1.3193
2022-07-15,1.1361
2022-07-15,1.1405
2022-07-15,0.3487
2022-07-15,1.3836
2022-07-15,0.4748
2022-08-15,0.5881
2022-08-15,0.5564
2022-08-15,0.4334
2022-08-15,0.5465
2022-08-15,0.5274
2022-08-15,0.4505
2022-08-15,0.5134
2022-08-15,0.52
2022-08-15,0.5294
2022-08-15,0.6968
2022-08-15,0.5741
2022-08-15,0.3548
2022-08-15,0.6723
2022-08-15,0.4954
2022-08-15,0.6491
2022-08-15,0.8134
2022-08-15,0.5691
2022-08-15,0.6474
2022-08-15,0.5521
2022-08-15,0.5745
2022-08-15,0.5432
2022-08-15,0.5634
2022-08-15,0.6076
2022-08-15,0.555
2022-08-15,0.5824
2022-08-15,0.5627
2022-08-15,0.5917
2022-08-15,0.5887
2022-08-15,0.9654
2022-08-15,0.9704
2022-08-15,0.3267
2022-08-15,0.8815
2022-08-15,1.0445
2022-08-15,0.9443
2022-08-15,0.9234
2022-08-15,0.9943
2022-08-15,0.711
2022-08-15,0.8037
2022-08-15,1.0082
2022-08-15,0.9278
2022-09-15,0.5384
2022-09-15,0.8118
2022-09-15,1.0541
2022-09-15,0.8651
2022-09-15,0.8599
2022-09-15,0.9527
2022-09-15,0.8639
2022-09-15,0.5357
2022-09-15,0.5727
2022-09-15,0.5352
2022-09-15,0.5659
2022-09-15,0.3375
2022-09-15,0.2973
2022-09-15,0.3523
2022-09-15,0.4107
2022-09-15,0.3493
2022-09-15,0.6263
2022-09-15,0.38
2022-09-15,0.3693
2022-09-15,0.3775
2022-09-15,0.3173
2022-09-15,0.3674
2022-09-15,0.3244
2022-09-15,0.4345
2022-09-15,0.4208
2022-09-15,0.2699
2022-09-15,0.4633
2022-09-15,0.3933
2022-09-15,0.8014
2022-09-15,0.58
2022-09-15,0.543
2022-09-15,0.8088
2022-09-15,0.765
2022-09-15,0.8232
2022-09-15,0.8818
2022-09-15,0.8977
2022-09-15,1.0265
2022-09-15,0.6305
2022-09-15,0.541
2022-09-15,0.6393
2022-10-15,0.7593
2022-10-15,0.6938
2022-10-15,0.764
2022-10-15,0.7627
2022-10-15,0.8102
2022-10-15,0.6023
2022-10-15,0.9314
2022-10-15,0.7018
2022-10-15,0.3539
2022-10-15,0.6251
2022-10-15,0.3815
2022-10-15,0.3853
2022-10-15,0.3437
2022-10-15,0.376
2022-10-15,0.385
2022-10-15,0.3853
2022-10-15,0.3662
2022-10-15,0.5995
2022-10-15,0.7063
2022-10-15,0.6182
2022-10-15,0.6137
2022-10-15,0.5733
2022-10-15,0.8478
2022-10-15,0.5915
2022-10-15,0.594
2022-10-15,0.6062
2022-10-15,0.572
2022-10-15,0.6499
2022-10-15,0.8233
2022-10-15,0.3153
2022-10-15,0.3208
2022-10-15,0.33
2022-10-15,0.3967
2022-10-15,0.3506
2022-10-15,0.3796
2022-10-15,0.3178
2022-10-15,0.3593
2022-10-15,0.4034
2022-10-15,0.3711
2022-10-15,0.3391
2022-11-15,0.4439
2022-11-15,0.5785
2022-11-15,0.5717
2022-11-15,0.7537
2022-11-15,0.8994
2022-11-15,0.6161
2022-11-15,0.6662
2022-11-15,0.7662
2022-11-15,0.6037
2022-11-15,0.6859
2022-11-15,0.6348
2022-11-15,0.5026
2022-11-15,0.2533
2022-11-15,0.6333
2022-11-15,0.2367
2022-11-15,0.3523
2022-11-15,0.3351
2022-11-15,0.3008
2022-11-15,0.354
2022-11-15,0.3249
2022-11-15,0.3359
2022-11-15,0.3997
2022-11-15,0.3033
2022-11-15,0.3679
2022-11-15,0.3173
2022-11-15,0.3586
2022-11-15,0.3775
2022-11-15,0.3249
2022-11-15,0.346
2022-11-15,0.4774
2022-11-15,0.7021
2022-11-15,0.667
2022-11-15,0.6573
2022-11-15,0.6366
2022-11-15,0.5229
2022-11-15,0.745
2022-11-15,0.5997
2022-11-15,0.5976
2022-11-15,0.6444
2022-11-15,0.621
2022-11-15,0.5286
2022-11-15,0.5158
2022-12-15,0.3556
2022-12-15,0.3379
2022-12-15,0.3575
2022-12-15,0.3049
2022-12-15,0.3079
2022-12-15,0.2992
2022-12-15,0.306
2022-12-15,0.3425
2022-12-15,0.3051
2022-12-15,0.3293
2022-12-15,0.3358
2022-12-15,0.3439
2022-12-15,0.2233
2022-12-15,0.7387
2022-12-15,0.2267
2022-12-15,0.6881
2022-12-15,0.6342
2022-12-15,0.5814
2022-12-15,0.4656
2022-12-15,0.6169
2022-12-15,0.5169
2022-12-15,0.5584
2022-12-15,0.7074
2022-12-15,0.501
2022-12-15,0.7245
2022-12-15,0.5363
2022-12-15,0.6009
2022-12-15,0.3959
2022-12-15,0.7547
2022-12-15,0.6484
2022-12-15,0.6868
2022-12-15,0.7387
2022-12-15,0.7074
2022-12-15,0.7295
2022-12-15,0.7809
2022-12-15,0.6403
2022-12-15,0.9391
2022-12-15,0.655
2023-01-15,0.5132
2023-01-15,0.6042
2023-01-15,0.658
2023-01-15,0.536
2023-01-15,0.7869
2023-01-15,0.6769
2023-01-15,0.7694
2023-01-15,0.8021
2023-01-15,0.8029
2023-01-15,0.6931
2023-01-15,0.7319
2023-01-15,0.8072
2023-01-15,0.7167
2023-01-15,0.7578
2023-01-15,0.9934
2023-01-15,0.5941
2023-01-15,0.5861
2023-01-15,0.5759
2023-01-15,0.21
2023-01-15,0.3117
2023-01-15,0.3659
2023-01-15,0.3544
2023-01-15,0.3199
2023-01-15,0.3615
2023-01-15,0.3544
2023-01-15,0.3399
2023-01-15,0.2921
2023-01-15,0.5403
2023-01-15,0.5455
2023-01-15,0.4026
2023-01-15,0.6687
2023-02-15,0.2333
2023-02-15,0.2681
2023-02-15,0.2706
2023-02-15,0.3326
2023-02-15,0.3275
2023-02-15,0.2866
2023-02-15,0.3424
2023-02-15,0.3787
2023-02-15,0.276
2023-02-15,0.331
2023-02-15,0.2923
2023-02-15,0.351
2023-02-15,0.3326
2023-02-15,0.3047
2023-02-15,0.348
2023-02-15,0.8018
2023-02-15,0.7148
2023-02-15,0.7578
2023-02-15,0.8187
2023-02-15,0.7335
2023-02-15,0.7645
2023-02-15,0.7696
2023-02-15,1.0113
2023-02-15,0.7128
2023-02-15,0.8394
2023-02-15,0.798
2023-02-15,0.6755
2023-02-15,0.5453
2023-02-15,0.5627
2023-02-15,0.5309
2023-02-15,0.5912
2023-02-15,0.6377
2023-02-15,0.6028
2023-02-15,0.4054
2023-03-15,0.7274
2023-03-15,0.6753
2023-03-15,0.817
2023-03-15,0.8318
2023-03-15,0.6956
2023-03-15,0.6273
2023-03-15,0.5555
2023-03-15,0.6861
2023-03-15,0.6433
2023-03-15,0.7882
2023-03-15,0.7012
2023-03-15,0.6982
2023-03-15,0.6988
2023-03-15,0.3265
2023-03-15,0.2786
2023-03-15,0.2863
2023-03-15,0.2346
2023-03-15,0.3153
2023-03-15,0.3295
2023-03-15,0.2778
2023-03-15,0.2981
2023-03-15,0.2461
2023-03-15,0.2551
2023-03-15,0.2844
2023-03-15,0.9894
2023-03-15,0.6864
2023-03-15,0.6791
2023-03-15,0.7081
2023-03-15,0.3749
2023-03-15,0.277
2023-03-15,0.2677
2023-03-15,0.2393
2023-03-15,0.2844
2023-03-15,0.22
2023-03-15,0.2033
2023-03-15,0.848
2023-03-15,0.8761
2023-03-15,0.7925
2023-03-15,0.6804
2023-04-15,0.6125
2023-04-15,0.6325
2023-04-15,0.6801
2023-04-15,0.5981
2023-04-15,0.6211
2023-04-15,0.7473
2023-04-15,0.8651
2023-04-15,0.7466
2023-04-15,0.7636
2023-04-15,0.8258
2023-04-15,0.6337
2023-04-15,0.5411
2023-04-15,0.2532
2023-04-15,0.19
2023-04-15,0.7552
2023-04-15,0.7196
2023-04-15,0.8832
2023-04-15,0.6709
2023-04-15,0.9467
2023-04-15,0.6533
2023-04-15,0.7217
2023-04-15,0.6742
2023-04-15,0.6673
2023-04-15,0.7955
2023-04-15,0.6902
2023-04-15,0.2467
2023-04-15,0.2617
2023-04-15,0.335
2023-04-15,0.3074
2023-04-15,0.5217
2023-04-15,0.3342
2023-04-15,0.3421
2023-04-15,0.2188
2023-04-15,0.2554
2023-04-15,0.2177
2023-04-15,0.1988
2023-04-15,0.2549
2023-04-15,0.2562
2023-04-15,0.2267
2023-04-15,0.2529
2023-04-15,0.3065
2023-05-15,0.2935
2023-05-15,0.2976
2023-05-15,0.2797
2023-05-15,0.2255
2023-05-15,0.2252
2023-05-15,0.3106
2023-05-15,0.3168
2023-05-15,0.2301
2023-05-15,0.2805
2023-05-15,0.3051
2023-05-15,0.2482
2023-05-15,0.2444
2023-05-15,0.239
2023-05-15,0.6497
2023-05-15,0.5675
2023-05-15,0.5571
2023-05-15,0.5736
2023-05-15,0.18
2023-05-15,0.363
2023-05-15,0.4725
2023-05-15,0.3862
2023-05-15,0.5057
2023-05-15,0.4998
2023-05-15,0.3766
2023-05-15,0.6412
2023-05-15,0.4257
2023-05-15,0.2371
2023-05-15,0.3043
2023-05-15,0.2537
2023-05-15,0.7426
2023-05-15,0.704
2023-05-15,0.8215
2023-05-15,0.7151
2023-05-15,0.7366
2023-05-15,0.9984
2023-05-15,0.6548
2023-05-15,0.8029
2023-05-15,0.6905
2023-05-15,0.6781
2023-05-15,0.7273
2023-05-15,0.5184
2023-05-15,0.2022
2023-06-15,0.3361
2023-06-15,0.2476
2023-06-15,0.2847
2023-06-15,0.2573
2023-06-15,0.2481
2023-06-15,0.3063
2023-06-15,0.218
2023-06-15,0.214
2023-06-15,0.2589
2023-06-15,0.2473
2023-06-15,0.3069
2023-06-15,0.2519
2023-06-15,0.2719
2023-06-15,0.2936
2023-06-15,0.2584
2023-06-15,0.3407
2023-06-15,0.8183
2023-06-15,0.7641
2023-06-15,0.6401
2023-06-15,0.7636
2023-06-15,0.6536
2023-06-15,0.7442
2023-06-15,0.6235
2023-06-15,0.8373
2023-06-15,0.698
2023-06-15,0.713
2023-06-15,0.9483
2023-06-15,0.6304
2023-06-15,0.3139
2023-06-15,0.3773
2023-06-15,0.4586
2023-06-15,0.105
2023-06-15,0.1667
2023-06-15,0.4419
2023-06-15,0.386
2023-06-15,0.4516
2023-06-15,0.3225
2023-06-15,0.6884
2023-06-15,0.3597
2023-06-15,0.2952
2023-06-15,0.4914
2023-06-15,0.3473
2023-06-15,0.2996
2023-06-15,0.259
2023-07-15,0.3214
2023-07-15,0.1436
2023-07-15,0.323
2023-07-15,0.3978
2023-07-15,0.7143
2023-07-15,0.7796
2023-07-15,0.6441
2023-07-15,0.5089
2023-07-15,0.5343
2023-07-15,0.8464
2023-07-15,0.6162
2023-07-15,0.742
2023-07-15,0.5626
2023-07-15,0.6369
2023-07-15,0.3274
2023-07-15,0.6177
2023-07-15,0.9957
2023-07-15,0.7115
2023-07-15,0.7955
2023-07-15,0.8838
2023-07-15,0.9358
2023-07-15,0.8803
2023-07-15,0.8165
2023-07-15,0.6347
2023-07-15,0.8056
2023-07-15,1.0189
2023-07-15,0.697
2023-07-15,0.8835
2023-07-15,0.9825
2023-07-15,1.0621
2023-07-15,0.3279
2023-07-15,0.2258
2023-07-15,0.1783
2023-07-15,0.314
2023-07-15,0.7676
2023-07-15,0.2382
2023-07-15,0.16
2023-07-15,0.1633
2023-08-15,0.538
2023-08-15,0.4833
2023-08-15,0.6099
2023-08-15,0.606
2023-08-15,0.6794
2023-08-15,0.7351
2023-08-15,0.746
2023-08-15,0.6786
2023-08-15,0.5817
2023-08-15,0.3723
2023-08-15,0.443
2023-08-15,0.3496
2023-08-15,0.4484
2023-08-15,0.5754
2023-08-15,0.3293
2023-08-15,0.4216
2023-08-15,0.381
2023-08-15,0.5012
2023-08-15,0.3073
2023-08-15,0.3864
2023-08-15,0.3832
2023-08-15,0.4565
2023-08-15,0.3883
2023-08-15,0.3103
2023-08-15,0.3482
2023-08-15,0.3753
2023-08-15,0.3696
2023-08-15,0.4178
2023-08-15,0.6101
2023-08-15,0.8253
2023-08-15,0.2923
2023-08-15,0.16
2023-08-15,0.2829
2023-08-15,0.2147
2023-08-15,0.3025
2023-08-15,0.1555
2023-08-15,0.1633
2023-08-15,0.1833
2023-08-15,0.334
2023-08-15,0.3168
2023-08-15,0.2909
2023-08-15,0.2814
2023-08-15,0.3104
2023-09-15,0.16
2023-09-15,0.1367
2023-09-15,0.5914
2023-09-15,0.5997
2023-09-15,0.3444
2023-09-15,0.2065
2023-09-15,0.2949
2023-09-15,0.3083
2023-09-15,0.1827
2023-09-15,0.2744
2023-09-15,0.2888
2023-09-15,0.1814
2023-09-15,0.2961
2023-09-15,0.2837
2023-09-15,0.2678
2023-09-15,0.3182
2023-09-15,0.2944
2023-09-15,0.3809
2023-09-15,0.1517
2023-09-15,0.6163
2023-09-15,0.7251
2023-09-15,0.6163
2023-09-15,0.6018
2023-09-15,0.5073
2023-09-15,0.6791
2023-09-15,0.6903
2023-09-15,0.2998
2023-09-15,0.2984
2023-09-15,0.2537
2023-09-15,0.2521
2023-09-15,0.2396
2023-09-15,0.3193
2023-09-15,0.3136
2023-09-15,0.2456
2023-09-15,0.2637
2023-09-15,0.2981
2023-09-15,0.28
2023-09-15,0.254
2023-09-15,0.2432
2023-09-15,0.2957
2023-09-15,0.316
2023-09-15,0.2302
2023-09-15,0.2686
2023-10-15,0.2553
2023-10-15,0.2706
2023-10-15,0.2534
2023-10-15,0.283
2023-10-15,0.2704
2023-10-15,0.227
2023-10-15,0.2125
2023-10-15,0.5311
2023-10-15,0.6459
2023-10-15,0.6761
2023-10-15,0.707
2023-10-15,0.5658
2023-10-15,0.6034
2023-10-15,0.8142
2023-10-15,0.6198
2023-10-15,0.6047
2023-10-15,0.6979
2023-10-15,0.614
2023-10-15,0.2756
2023-10-15,0.2377
2023-10-15,0.2742
2023-10-15,0.2498
2023-10-15,0.3515
2023-10-15,0.2238
2023-10-15,0.3724
2023-10-15,0.3655
2023-10-15,0.2385
2023-10-15,0.2493
2023-10-15,0.5139
2023-10-15,0.2172
2023-10-15,0.2937
2023-10-15,0.2523
2023-10-15,0.3229
2023-10-15,0.3328
2023-10-15,0.3064
2023-10-15,0.2325
2023-10-15,0.2586
2023-10-15,0.2679
2023-11-15,0.6163
2023-11-15,0.2999
2023-11-15,0.255
2023-11-15,0.2343
2023-11-15,0.2271
2023-11-15,0.2943
2023-11-15,0.2777
2023-11-15,0.2871
2023-11-15,0.2692
2023-11-15,0.6021
2023-11-15,0.5499
2023-11-15,0.6805
2023-11-15,0.6081
2023-11-15,0.6364
2023-11-15,0.7131
2023-11-15,0.505
2023-11-15,0.3181
2023-11-15,0.3316
2023-11-15,0.4727
2023-11-15,0.3055
2023-11-15,0.3304
2023-11-15,0.3319
2023-11-15,0.2749
2023-11-15,0.211
2023-11-15,0.4015
2023-11-15,0.2792
2023-11-15,0.5613
2023-11-15,0.7193
2023-11-15,0.2155
2023-11-15,0.6999
2023-11-15,0.2528
2023-11-15,0.208
2023-11-15,0.2841
2023-11-15,0.2498
2023-11-15,0.2589
2023-11-15,0.2722
2023-11-15,0.2343
2023-11-15,0.2423
2023-11-15,0.2467
2023-11-15,0.8407
2023-12-15,0.3009
2023-12-15,0.2794
2023-12-15,0.343
2023-12-15,0.2623
2023-12-15,0.3333
2023-12-15,0.3188
2023-12-15,0.2686
2023-12-15,0.3282
2023-12-15,0.292
2023-12-15,0.6987
2023-12-15,0.6218
2023-12-15,0.2723
2023-12-15,0.5694
2023-12-15,0.3725
2023-12-15,0.2402
2023-12-15,0.8585
2023-12-15,0.6973
2023-12-15,0.5968
2023-12-15,0.5278
2023-12-15,0.6743
2023-12-15,0.6114
2023-12-15,0.6653
2023-12-15,0.6184
2023-12-15,0.2807
2023-12-15,0.3209
2023-12-15,0.3088
2023-12-15,0.4116
2023-12-15,0.4348
2023-12-15,0.4261
2023-12-15,0.4729
2023-12-15,0.2901
2023-12-15,0.3959
2023-12-15,0.4696
2023-12-15,0.4806
2023-12-15,0.369
2023-12-15,0.4
2024-01-15,0.4267
2024-01-15,0.4079
2024-01-15,0.4063
2024-01-15,0.3712
2024-01-15,0.4312
2024-01-15,0.4315
2024-01-15,0.5122
2024-01-15,0.4352
2024-01-15,0.4426
2024-01-15,0.6242
2024-01-15,0.8708
2024-01-15,0.6311
2024-01-15,0.4016
2024-01-15,0.6942
2024-01-15,0.5623
2024-01-15,0.3867
2024-01-15,0.434
2024-01-15,0.4672
2024-01-15,0.4621
2024-01-15,0.5011
2024-01-15,0.1814
2024-01-15,0.4494
2024-01-15,0.4948
2024-01-15,0.439
2024-01-15,0.3633
2024-01-15,0.5276
2024-01-15,0.4069
2024-01-15,0.3913
2024-01-15,0.666
2024-01-15,0.4045
2024-01-15,0.5414
2024-01-15,0.7006
2024-01-15,0.7174
2024-01-15,0.7113
2024-01-15,0.6311
2024-01-15,0.6556
2024-02-15,0.6316
2024-02-15,0.3819
2024-02-15,0.475
2024-02-15,0.5469
2024-02-15,0.4835
2024-02-15,0.4543
2024-02-15,0.8674
2024-02-15,0.6789
2024-02-15,0.5701
2024-02-15,0.6731
2024-02-15,0.5049
2024-02-15,0.4914
2024-02-15,0.5674
2024-02-15,0.6978
2024-02-15,0.6955
2024-02-15,0.7308
2024-02-15,0.7149
2024-02-15,0.482
2024-02-15,0.645
2024-02-15,0.6226
2024-02-15,0.605
2024-02-15,0.4393
2024-02-15,0.443
2024-02-15,0.5346
2024-02-15,0.4477
2024-02-15,0.434
2024-02-15,0.4504
2024-02-15,0.4899
2024-02-15,0.4459
2024-02-15,0.4387
2024-02-15,0.4602
2024-02-15,0.4504
2024-02-15,0.4496
2024-03-15,0.4258
2024-03-15,0.4941
2024-03-15,0.4418
2024-03-15,0.426
2024-03-15,0.5219
2024-03-15,0.3964
2024-03-15,0.4204
2024-03-15,0.5424
2024-03-15,0.5335
2024-03-15,0.4629
2024-03-15,0.4527
2024-03-15,0.4089
2024-03-15,0.5824
2024-03-15,0.4643
2024-03-15,0.4868
2024-03-15,0.4205
2024-03-15,0.5247
2024-03-15,0.4296
2024-03-15,0.4697
2024-03-15,0.4675
2024-03-15,0.417
2024-03-15,0.6356
2024-03-15,0.4552
2024-03-15,0.3889
2024-03-15,0.717
2024-03-15,0.7088
2024-03-15,0.7018
2024-03-15,0.5757
2024-03-15,0.4157
2024-03-15,0.4451
2024-03-15,0.441
2024-03-15,0.4394
2024-03-15,0.6481
2024-03-15,0.7358
2024-03-15,0.7018
2024-03-15,0.6288
2024-03-15,0.7221
2024-03-15,0.433
2024-03-15,0.4211
2024-04-15,0.4441
2024-04-15,0.3605
2024-04-15,0.5521
2024-04-15,0.1481
2024-04-15,0.5067
2024-04-15,0.3248
2024-04-15,0.456
2024-04-15,0.4221
2024-04-15,0.4563
2024-04-15,0.4858
2024-04-15,0.4368
2024-04-15,0.3923
2024-04-15,0.3948
2024-04-15,0.5035
2024-04-15,0.4608
2024-04-15,0.4484
2024-04-15,0.5422
2024-04-15,0.4742
2024-04-15,0.3866
2024-04-15,0.5455
2024-04-15,0.5261
2024-04-15,0.7322
2024-04-15,0.7549
2024-04-15,0.7292
2024-04-15,0.5999
2024-04-15,0.7768
2024-04-15,0.6987
2024-04-15,0.8459
2024-04-15,0.928
2024-04-15,0.6694
2024-04-15,0.6886
2024-04-15,0.7395
2024-05-15,1.0949
2024-05-15,0.9285
2024-05-15,1.0732
2024-05-15,0.3048
2024-05-15,0.1534
2024-05-15,0.434
2024-05-15,0.3532
2024-05-15,0.3869
2024-05-15,0.3186
2024-05-15,0.2999
2024-05-15,0.3564
2024-05-15,0.4185
2024-05-15,0.4599
2024-05-15,0.4206
2024-05-15,0.3595
2024-05-15,0.3632
2024-05-15,0.6023
2024-05-15,0.618
2024-05-15,0.9169
2024-05-15,0.8869
2024-05-15,0.8717
2024-05-15,0.8149
2024-05-15,0.7309
2024-05-15,0.6137
2024-05-15,0.6483
2024-05-15,0.5922
2024-05-15,0.6266
2024-05-15,0.7016
2024-05-15,0.6491
2024-05-15,0.645
2024-05-15,0.6235
2024-05-15,0.5819
2024-05-15,0.5725
2024-05-15,0.6721
2024-05-15,0.6233
2024-05-15,0.6501
2024-05-15,0.6733
2024-05-15,0.834
2024-05-15,0.8828
2024-05-15,0.9883
2024-05-15,0.6463
2024-06-15,0.3262
2024-06-15,0.7605
2024-06-15,0.8711
2024-06-15,0.9338
2024-06-15,0.8905
2024-06-15,1.0382
2024-06-15,1.0333
2024-06-15,0.8794
2024-06-15,0.9611
2024-06-15,0.9911
2024-06-15,0.8928
2024-06-15,0.8753
2024-06-15,0.3514
2024-06-15,0.2548
2024-06-15,0.3953
2024-06-15,0.2577
2024-06-15,0.2602
2024-06-15,0.3166
2024-06-15,0.5889
2024-06-15,0.3196
2024-06-15,0.7076
2024-06-15,0.8004
2024-06-15,0.7051
2024-06-15,0.6826
2024-06-15,0.6915
2024-06-15,0.788
2024-06-15,0.7646
2024-06-15,0.8747
2024-06-15,0.7841
2024-06-15,0.9097
2024-06-15,0.7717
2024-06-15,0.9132
2024-06-15,0.675
2024-06-15,0.7463
2024-06-15,0.9161
2024-06-15,0.987
2024-07-15,0.3574
2024-07-15,0.2878
2024-07-15,0.4231
2024-07-15,0.5016
2024-07-15,0.457
2024-07-15,0.4989
2024-07-15,0.5903
2024-07-15,0.4918
2024-07-15,0.4514
2024-07-15,0.4635
2024-07-15,0.5228
2024-07-15,0.4492
2024-07-15,0.4216
2024-07-15,0.4794
2024-07-15,0.4818
2024-07-15,0.5243
2024-07-15,0.4028
2024-07-15,0.4228
2024-07-15,0.7669
2024-07-15,0.9574
2024-07-15,0.6761
2024-07-15,0.7246
2024-07-15,0.7344
2024-07-15,0.3342
2024-07-15,0.6908
2024-07-15,0.6416
2024-07-15,0.7968
2024-07-15,0.7878
2024-07-15,0.805
2024-07-15,0.3591
2024-07-15,0.3517
2024-07-15,0.3022
2024-07-15,0.6918
2024-08-15,0.3266
2024-08-15,0.3046
2024-08-15,0.3528
2024-08-15,0.3254
2024-08-15,0.3392
2024-08-15,0.306
2024-08-15,0.5604
2024-08-15,0.4092
2024-08-15,0.5128
2024-08-15,0.3533
2024-08-15,0.5148
2024-08-15,0.4501
2024-08-15,0.4703
2024-08-15,0.3722
2024-08-15,0.4696
2024-08-15,0.4943
2024-08-15,0.515
2024-08-15,0.7861
2024-08-15,0.8942
2024-08-15,0.5162
2024-08-15,0.4496
2024-08-15,0.8845
2024-08-15,0.8247
2024-08-15,0.346
2024-08-15,0.3685
2024-08-15,0.3082
2024-08-15,0.3005
2024-08-15,0.3385
2024-08-15,0.424
2024-08-15,0.3673
2024-08-15,0.3322
2024-08-15,0.3555
2024-08-15,1.0202
2024-08-15,0.8466
2024-08-15,0.8134
2024-08-15,0.8816
2024-08-15,0.7959
2024-08-15,0.8461
2024-08-15,0.7487
2024-09-15,0.7248
2024-09-15,0.6719
2024-09-15,0.6389
2024-09-15,0.3278
2024-09-15,0.3361
2024-09-15,0.3487
2024-09-15,0.8479
2024-09-15,0.7499
2024-09-15,0.8175
2024-09-15,0.8247
2024-09-15,0.7315
2024-09-15,0.777
2024-09-15,0.7986
2024-09-15,0.803
2024-09-15,0.8516
2024-09-15,0.9313
2024-09-15,1.0214
2024-09-15,0.5381
2024-09-15,0.8335
2024-09-15,0.844
2024-09-15,0.2742
2024-09-15,0.6964
2024-09-15,0.6308
2024-09-15,0.536
2024-09-15,0.3773
2024-09-15,0.4947
2024-09-15,0.6713
2024-09-15,0.5689
2024-09-15,0.5627
2024-09-15,0.568
2024-09-15,0.3308
2024-09-15,0.3368
2024-09-15,0.3201
2024-09-15,0.3623
2024-09-15,0.3519
2024-09-15,0.3512
2024-09-15,0.3638
2024-09-15,0.3667
2024-10-15,0.3907
2024-10-15,0.4331
2024-10-15,0.4004
2024-10-15,0.4009
2024-10-15,0.7634
2024-10-15,1.0085
2024-10-15,0.4547
2024-10-15,0.844
2024-10-15,0.5059
2024-10-15,0.5627
2024-10-15,0.9003
2024-10-15,0.7309
2024-10-15,0.4133
2024-10-15,0.4232
2024-10-15,0.3979
2024-10-15,0.4534
2024-10-15,0.4226
2024-10-15,0.354
2024-10-15,0.5797
2024-10-15,0.521
2024-10-15,0.42
2024-10-15,0.3776
2024-10-15,0.3965
2024-10-15,0.8195
2024-10-15,0.7627
2024-10-15,0.8704
2024-10-15,0.7637
2024-10-15,0.5456
2024-10-15,0.6906
2024-10-15,0.4123
2024-10-15,0.7934
2024-10-15,0.4118
2024-10-15,0.3616
2024-10-15,0.4378
2024-10-15,0.3684
2024-10-15,0.3853
2024-10-15,0.4356
2024-10-15,0.3662
2024-10-15,0.7864
2024-10-15,0.7549
2024-11-15,0.5627
2024-11-15,0.2428
2024-11-15,0.5627
2024-11-15,0.4329
2024-11-15,0.7614
2024-11-15,0.757
2024-11-15,0.7235
2024-11-15,0.6684
2024-11-15,0.765
2024-11-15,0.8489
2024-11-15,0.9903
2024-11-15,0.5308
2024-11-15,0.6619
2024-11-15,0.6885
2024-11-15,0.7915
2024-11-15,0.7377
2024-11-15,0.4367
2024-11-15,0.4491
2024-11-15,0.4024
2024-11-15,0.4607
2024-11-15,0.3879
2024-11-15,0.2218
2024-11-15,0.311
2024-11-15,0.5963
2024-11-15,0.3599
2024-11-15,0.4147
2024-11-15,0.36
2024-11-15,0.844
2024-11-15,0.292
2024-11-15,0.4033
2024-11-15,0.4561
2024-11-15,0.407
2024-11-15,0.4587
2024-11-15,0.4401
2024-11-15,0.3975
2024-11-15,0.4626
2024-11-15,0.3431
2024-12-15,0.6815
2024-12-15,0.8693
2024-12-15,0.7115
2024-12-15,0.9226
2024-12-15,1.0359
2024-12-15,0.7629
2024-12-15,0.7888
2024-12-15,0.8151
2024-12-15,0.819
2024-12-15,0.7167
2024-12-15,0.7316
2024-12-15,0.5631
2024-12-15,0.8446
2024-12-15,0.8446
2024-12-15,0.5249
2024-12-15,0.5631
